"id_chitatelya","inventarnyi_nomer"
"3663","03:0000020317"
"825","03:0000020317"
"12085","03:0000327711"
"3663","03:0000020317"
"825","03:0000020317"
"12085","03:0000327711"
"142372","04:0000056478"
"184295","05:0000174576"
"184450","05:0000075752"
"168311","01:0000984853"
"71964","02:0000773594"
"164003","05:0000066803"
"185076","02:0000205548"
"186079","05:0000130787"
"175431","05:0000115892"
"175707","01:0000245404"
"82104","03:0000502695"
"164675","08:0000237283"
"79999","02:0000077840"
"247412","05:0000039018"
"225185","05:0000188265"
"43611","02:0000840976"
"229698","06:0000114914"
"219779","05:0000066803"
"230732","04:0000298765"
"252234","Б05:00020730"
"87030","01:0000440663"
"48504","02:0000241956"
"216406","06:0000151778"
"230446","08:0000157555"
"227179","05:0000181057"
"50041","03:0000502695"
"304685","05:0000396855"
"291466","Б05:00013560"
"359374","09:0000068889"
"12023","03:0001825647"
"361708","07:0000298964"
"71964","02:0000773594"
"385782","09:0000068889"
"403482","07:0000471451"
"403599","07:0000270530"
"294840","06:0000114914"
"71964","02:0000773594"
"403973","09:0000240309"
"403971","09:0000240309"
"361708","07:0000298964"
"329099","07:0000228708"
"370195","05:0000936151"
"339673","09:0000384819"
"363258","09:0000381257"
"371810","09:0000325840"
"371810","09:0000325853"
"375204","09:0000380960"
"333939","Б09:00012630"
"333939","Б09:00012632"
"333424","Б09:00012633"
"397926","09:0000386425"
"408440","Б07:00015257"
"435819","09:0000387447"
"332549","Б09:00012631"
"124507","08:0000954902"
"336604","Б09:00012631"
"363769","09:0000289007"
"397926","09:0000386425"
"436570","09:0000296516"
"354100","Б09:00012633"
"354100","Б09:00012632"
"436508","09:0000294379"
"173208","Б09:00012316"
"173208","Б09:00012313"
"358685","Б09:00012630"
"358685","Б09:00012631"
"285673","08:0000027526"
"436826","09:0000362581"
"366223","06:0000883960"
"366223","06:0000883960"
"403904","09:0000392417"
"409294","09:0000229580"
"437294","Б07:00015829"
"388480","05:0000137433"
"347506","09:0000243774"
"164766","09:0000295051"
"418438","09:0000525720"
"379040","09:0000243774"
"332957","Б09:00012316"
"436666","06:0000114914"
"355675","Б09:00012631"
"355675","Б09:00012632"
"374092","Б09:00012630"
"374092","Б09:00012633"
"349631","Б09:00012632"
"349631","Б09:00012631"
"359451","09:0000290669"
"64333","Б05:00007539"
"197753","Б05:00007539"
"378056","Б05:00007539"
"178636","Б05:00007539"
"449153","09:0000364117"
"425164","09:0000310505"
"425164","09:0000310611"
"465578","09:0000443365"
"448006","09:0000331809"
"448011","09:0000331809"
"448018","09:0000331809"
"450408","09:0000331809"
"450418","09:0000331809"
"2740","09:0000327204"
"398625","09:0000357389"
"185929","04:0001006658"
"404045","02:0000408342"
"462214","09:0000298727"
"462209","09:0000298695"
"451148","09:0000447744"
"449985","09:0000297929"
"417209","06:0000875828"
"383116","09:0000576027"
"429163","09:0000573633"
"369985","09:0000329188"
"462432","08:0001138046"
"426396","09:0000339902"
"454761","09:0000309639"
"136480","08:0000940942"
"136480","08:0000944101"
"436617","09:0000332026"
"315201","07:0000536496"
"443823","09:0000310505"
"59338","02:0000107276"
"334820","07:0000818244"
"101952","04:0000100375"
"215054","05:0000456083"
"53398","02:0000840976"
"498552","02:0001436608"
"244806","08:0000928819"
"440132","05:0000941025"
"237315","06:0000108939"
"501600","09:0000793919"
"153108","08:0000928819"
"439187","09:0000434324"
"300064","07:0000107288"
"183387","03:0000206418"
"429165","09:0000590889"
"501183","09:0000310382"
"525551","09:0000288603"
"478879","03:0000546482"
"495987","09:0000310357"
"431198","07:0000837614"
"270917","05:0000066803"
"442734","09:0000621356"
"392628","09:0000592871"
"414753","09:0000327297"
"139960","08:0000500133"
"376314","09:0000330910"
"306441","05:0000927577"
"106272","04:0000102681"
"471985","08:0000327755"
"38623","02:0000093483"
"379262","09:0000349099"
"63153","03:0001857530"
"416055","06:0000879556"
"98766","04:0000082167"
"285998","06:0000853795"
"403828","06:0000862676"
"288910","06:0000853858"
"252411","06:0000862763"
"252411","06:0000862845"
"278326","06:0000863406"
"415738","05:0000043756"
"168940","05:0000927577"
"263725","03:0000484872"
"358812","09:0000330204"
"518835","09:0000362581"
"453039","09:0000359235"
"424495","Б07:00029540"
"346307","06:0001132404"
"346307","06:0001132404"
"346307","06:0001132404"
"346307","06:0001132404"
"346307","06:0001132404"
"346307","06:0001132404"
"540735","15:0000021829"
"430759","07:0000566887"
"281067","08:0000940991"
"270794","04:0001012097"
"405846","Б07:00015257"
"371751","09:0000378540"
"371912","09:0000378509"
"557164","09:0000588916"
"468549","09:0000720645"
"86778","01:0001855687"
"38623","02:0000093483"
"467655","19:0000004947"
"549280","Б07:00029540"
"539466","09:0000297385"
"333073","07:0001018436"
"1663","03:0000056453"
"11618","03:0000510440"
"14635","03:0000521306"
"14416","03:0000283856"
"1663","03:0000056453"
"11618","03:0000510440"
"14635","03:0000521306"
"14416","03:0000283856"
"182966","01:0000274736"
"5518","03:0000166904"
"184959","05:0000177238"
"144962","08:0000108847"
"25193","10:0000021196"
"13585","03:0001152664"
"83845","04:0000068953"
"25763","03:0000521306"
"187769","08:0000156543"
"248011","05:0000280458"
"249018","03:0001070078"
"92637","04:0000051342"
"214067","06:0000261490"
"231270","06:0000261490"
"60963","02:0000170087"
"197768","08:0000146930"
"4049","03:0000006064"
"233493","06:0000071751"
"73295","01:0000256195"
"175170","02:0000567741"
"278699","06:0000126044"
"86146","04:0000140002"
"123784","08:0000580848"
"343905","09:0000074794"
"285141","11:0000008479"
"259021","06:0000071751"
"355590","09:0000059669"
"356354","09:0000059669"
"343905","09:0000074794"
"360967","09:0000059669"
"298595","09:0000074794"
"110633","04:0000613126"
"379743","09:0000248185"
"398287","09:0000385003"
"435567","09:0000348081"
"435583","09:0000328624"
"333939","09:0000316144"
"374100","09:0000381579"
"202350","08:0000081204"
"335667","06:0000261490"
"379549","09:0000364284"
"381013","09:0000386607"
"375588","09:0000386781"
"423801","09:0000328624"
"332549","Б09:00012641"
"375920","07:0000229060"
"395585","09:0000326115"
"360433","09:0000329426"
"375583","09:0000387840"
"398625","09:0000361513"
"375658","09:0000074794"
"426439","09:0000244061"
"322086","Б06:00036643"
"328543","07:0000583722"
"436419","Б06:00036353"
"336604","Б09:00012641"
"436425","Б06:00036353"
"436432","Б06:00036353"
"436470","Б06:00036353"
"436478","Б06:00036353"
"436479","Б06:00036353"
"436483","Б06:00036353"
"436491","Б06:00036353"
"403204","09:0000391294"
"436496","Б06:00036353"
"436498","Б06:00036353"
"436503","Б06:00036353"
"436505","Б06:00036353"
"436746","09:0000391421"
"354100","Б09:00012378"
"354100","Б09:00012642"
"436449","09:0000297458"
"436395","09:0000297450"
"360410","09:0000372715"
"173208","Б09:00012306"
"349879","09:0000391764"
"358685","Б09:00012641"
"358685","09:0000316144"
"427012","09:0000322937"
"388036","09:0000300049"
"437345","09:0000328624"
"430955","09:0000298995"
"314964","07:0000676413"
"464405","09:0000324677"
"140716","02:0000170087"
"457731","07:0000133952"
"441033","09:0000326035"
"388016","06:0000868748"
"332957","Б09:00012306"
"382566","09:0000372715"
"355675","09:0000316144"
"374092","Б09:00012378"
"374092","Б09:00012642"
"374092","Б09:00012641"
"349631","09:0000316144"
"349631","Б09:00012641"
"388755","09:0000436593"
"388755","09:0000436610"
"379040","09:0000436663"
"379040","09:0000436736"
"446099","09:0000458714"
"176747","05:0000925065"
"364793","Б09:00013788"
"358695","07:0000520631"
"371810","09:0000290075"
"347414","09:0000306810"
"360484","Б07:00014739"
"380088","09:0000198865"
"462214","09:0000299015"
"344921","07:0000817519"
"354383","09:0000571188"
"365955","09:0000364284"
"179466","05:0000924513"
"471483","08:0001138377"
"300168","07:0000550069"
"416505","09:0000333034"
"374956","09:0000332517"
"359477","09:0000327961"
"476806","07:0000364104"
"425360","04:0001005058"
"497172","06:0000982603"
"103905","Б06:00046424"
"213177","03:0000663278"
"314206","07:0000388954"
"218789","05:0000177238"
"369176","07:0000898449"
"369176","07:0000898449"
"65220","01:0001855225"
"524906","10:0000326706"
"504190","09:0000700474"
"221664","Б06:00036719"
"525644","09:0000572527"
"507636","Б06:00038106"
"462103","05:0000017788"
"183833","05:0000925065"
"16396","03:0001856354"
"503977","09:0000352368"
"500222","09:0000435596"
"471155","09:0000794243"
"112622","01:0001964763"
"429163","09:0000571188"
"526538","09:0000572527"
"462649","01:0001855254"
"259091","10:0000003769"
"352562","09:0000329068"
"526760","18:0000020930"
"447038","09:0000298274"
"285998","06:0000853685"
"285998","06:0000853772"
"403828","06:0000853828"
"146618","05:0000926478"
"527198","09:0000572527"
"467366","09:0000098831"
"527162","09:0000572527"
"535577","Б07:00028381"
"201757","06:0000016838"
"383813","Б07:00029551"
"373544","09:0000309126"
"546113","21:0000006257"
"399438","09:0000572578"
"392038","09:0000041104"
"458652","09:0000358183"
"346307","06:0001132187"
"346307","06:0001132187"
"346307","06:0001132187"
"543437","21:0000004045"
"556419","09:0000367593"
"556390","09:0000365598"
"367051","09:0000502172"
"490057","Б09:00037618"
"429921","Б09:00042192"
"122921","08:0001298848"
"324626","04:0000613126"
"557004","09:0000891714"
"557011","09:0000891714"
"481918","06:0000860620"
"549158","09:0000294699"
"399848","06:0000838493"
"426797","09:0000461908"
"557457","09:0000297837"
"557434","09:0000891714"
"548533","03:0001856351"
"253","03:0000082376"
"4044","03:0000082376"
"6090","03:0000082376"
"3105","03:0000082376"
"11679","03:0000080415"
"9964","03:0000082376"
"2028","03:0000082376"
"14605","03:0000082376"
"4157","03:0000080415"
"253","03:0000082376"
"4044","03:0000082376"
"6090","03:0000082376"
"3105","03:0000082376"
"11679","03:0000080415"
"9964","03:0000082376"
"2028","03:0000082376"
"14605","03:0000082376"
"4157","03:0000080415"
"104295","02:0000650003"
"16120","03:0001313290"
"184552","08:0000221388"
"22690","10:0000031470"
"153435","08:0000217697"
"51038","01:0000757359"
"169461","03:0000475288"
"104359","02:0000301456"
"186453","01:0000371092"
"113325","02:0000085183"
"161039","04:0000095098"
"147539","02:0000271026"
"211933","05:0000082222"
"29141","03:0000129070"
"202678","Б05:00008737"
"231152","06:0000221828"
"91823","01:0000863897"
"276121","02:0001383530"
"61679","01:0000615671"
"258977","Б05:00005807"
"213289","06:0000075252"
"312343","07:0000287530"
"282894","05:0000056232"
"303491","07:0000065547"
"244871","08:0000065491"
"356366","09:0000082625"
"350902","07:0000114879"
"325966","Б05:00006218"
"203251","05:0000411191"
"175184","08:0000279878"
"54002","02:0000554223"
"146872","08:0000198534"
"371810","09:0000325847"
"333424","Б09:00011507"
"365623","03:0000126849"
"336028","Б09:00012323"
"129015","08:0000954017"
"402846","07:0000549344"
"363542","08:0000964279"
"341339","Б09:00011558"
"336343","Б09:00012353"
"436422","Б06:00036323"
"436432","Б06:00036323"
"278058","06:0000867337"
"305768","06:0000867411"
"436439","Б06:00036323"
"342181","Б09:00012353"
"436457","Б06:00036323"
"36655","09:0000368165"
"436462","Б06:00036323"
"436470","Б06:00036323"
"436478","Б06:00036323"
"436488","Б06:00036323"
"436491","Б06:00036323"
"436496","Б06:00036323"
"436500","Б06:00036323"
"436504","Б06:00036323"
"210535","06:0000017767"
"354100","Б09:00012643"
"325793","Б06:00036844"
"400082","09:0000337131"
"378374","09:0000328148"
"415628","Б09:00011558"
"437294","Б07:00015827"
"437403","07:0000444498"
"463890","09:0000307089"
"228112","06:0000849182"
"120362","01:0001855377"
"331876","03:0000129070"
"441033","09:0000326098"
"264583","06:0000911492"
"464734","09:0000355510"
"443776","09:0000526908"
"216584","06:0000075252"
"332957","Б09:00012323"
"374092","Б09:00012643"
"297005","06:0000936245"
"333281","Б09:00012353"
"449153","09:0000364672"
"218147","06:0000852876"
"172291","05:0000293180"
"465356","19:0000000284"
"465500","03:0000126849"
"336153","09:0000347897"
"336153","09:0000347897"
"336153","09:0000347897"
"336153","09:0000347897"
"336153","09:0000347897"
"336153","09:0000347897"
"336153","09:0000347897"
"336153","09:0000347897"
"336153","09:0000347897"
"336153","09:0000347897"
"336153","09:0000347897"
"336153","09:0000347897"
"336015","09:0000347897"
"336015","09:0000347897"
"336015","09:0000347897"
"336015","09:0000347897"
"336015","09:0000347897"
"336015","09:0000347897"
"336015","09:0000347897"
"336015","09:0000347897"
"402846","07:0000549344"
"246764","04:0001005977"
"355643","Б07:00015665"
"465864","05:0000262498"
"17451","03:0000576818"
"214418","06:0000075252"
"466120","07:0000444498"
"163856","Б05:00001376"
"417781","08:0000932408"
"345794","09:0000570265"
"234098","06:0000508525"
"374351","09:0000609428"
"441149","09:0000298065"
"443574","09:0000328515"
"497319","09:0000670296"
"177345","05:0000926660"
"441440","09:0000509946"
"497557","07:0000553485"
"366788","06:0000877158"
"136480","08:0000943079"
"443093","09:0000332355"
"459224","09:0000329713"
"459224","09:0000329291"
"200881","05:0000926800"
"498051","07:0000377259"
"253736","06:0000884981"
"126250","08:0000928452"
"390563","06:0000294980"
"367186","07:0000523276"
"230332","08:0000474387"
"385451","09:0000036719"
"525274","09:0000434161"
"439334","Б09:00011558"
"525568","01:0001856874"
"64112","02:0001189185"
"389372","09:0000338600"
"403890","09:0000318402"
"501183","09:0000686749"
"507636","Б06:00038093"
"507636","Б06:00038102"
"255693","Б05:00006071"
"525926","06:0000402519"
"169346","05:0000989046"
"498888","06:0000130986"
"359681","09:0000318402"
"526371","09:0000036719"
"414753","09:0000526908"
"364618","09:0000307119"
"409085","09:0000445854"
"365957","09:0000643691"
"417672","06:0000857370"
"272352","05:0000212910"
"285998","06:0000853779"
"285998","06:0000853785"
"285998","06:0000853791"
"246763","06:0000863397"
"246763","06:0000853639"
"414049","07:0000287530"
"349572","09:0000564385"
"288910","06:0000853862"
"252411","06:0000862747"
"252411","06:0000862820"
"243658","06:0000936245"
"194694","05:0000922776"
"362606","09:0000325676"
"235341","08:0000927733"
"518835","09:0000362529"
"556186","09:0000534039"
"556096","09:0000339768"
"346307","06:0001132258"
"346307","06:0001132258"
"346307","06:0001132258"
"383134","09:0000444344"
"556426","09:0000367570"
"556390","09:0000367600"
"398325","05:0000926789"
"51740","02:0001384980"
"272352","05:0000212910"
"504318","08:0001143570"
"486915","Б09:00037307"
"486915","Б09:00037281"
"349712","09:0000383957"
"351644","09:0000299414"
"371810","09:0000324971"
"1686","03:0001841772"
"538752","09:0000323420"
"549158","09:0000307119"
"350395","09:0000572582"
"430111","09:0000737817"
"509837","06:0000258265"
"555246","09:0000884631"
"244011","05:0000310355"
"395385","09:0000660816"
"175846","05:0000566115"
"222735","06:0000921388"
"143198","01:0000119167"
"121915","02:0001248884"
"119706","01:0000369195"
"21404","03:0001049105"
"184354","08:0000128142"
"184957","05:0000177380"
"185299","01:0000926347"
"163157","10:0000015766"
"88618","02:0000238324"
"185959","01:0000105125"
"186523","08:0000052993"
"108150","03:0000910016"
"187520","08:0000322720"
"98446","01:0000266468"
"125925","08:0000070453"
"70569","02:0000443128"
"183901","Б05:00012838"
"183901","Б05:00002695"
"152026","Б05:00012838"
"249513","Б05:00012838"
"198648","Б05:00012838"
"62417","01:0001196809"
"249777","Б05:00012838"
"249313","06:0000085579"
"185868","05:0000479045"
"184906","Б05:00002695"
"134774","03:0001731019"
"203075","Б05:00012838"
"164986","Б05:00012838"
"174983","Б05:00012838"
"196871","Б05:00012838"
"169771","Б05:00002695"
"218163","Б05:00002695"
"168672","Б05:00002695"
"67618","02:0000383344"
"178417","Б05:00002695"
"252373","Б05:00002695"
"166546","Б05:00002695"
"48025","02:0001131943"
"153492","01:0001072742"
"218300","05:0000177380"
"71555","01:0000162352"
"48584","02:0000072212"
"168511","08:0000286315"
"361961","07:0000303028"
"88763","04:0000128087"
"402074","07:0000303028"
"79528","04:0000058866"
"21444","03:0000627563"
"393385","09:0000169073"
"381042","09:0000155976"
"224312","06:0000040398"
"286859","06:0000880274"
"383134","09:0000313998"
"333424","Б09:00012635"
"51437","02:0001248884"
"291351","11:0000095940"
"381013","09:0000386736"
"221639","06:0000881032"
"286847","06:0000881032"
"367042","06:0000881032"
"222926","06:0000085579"
"376249","07:0000488292"
"24526","10:0000024464"
"373204","09:0000301807"
"322086","Б06:00036641"
"436746","09:0000391432"
"436570","09:0000294221"
"436552","09:0000294402"
"354100","Б09:00012635"
"57869","02:0001215445"
"173208","Б09:00012312"
"437294","Б07:00015828"
"349542","09:0000394559"
"244054","Б05:00002695"
"451937","09:0000471746"
"319769","07:0000677692"
"407136","Б07:00019757"
"464459","08:0000929822"
"236684","01:0001856155"
"441033","09:0000329045"
"455422","09:0000469693"
"332957","Б09:00012312"
"355675","Б09:00012635"
"355675","Б09:00012635"
"374092","Б09:00012635"
"349631","Б09:00012635"
"413788","09:0000363583"
"447444","09:0000363583"
"42612","09:0000416365"
"427999","09:0000416365"
"465708","09:0000324382"
"338811","07:0000288428"
"418609","09:0000527305"
"254467","06:0000874911"
"352282","09:0000325431"
"333627","09:0000301807"
"355643","Б07:00015670"
"260027","06:0000870381"
"332278","Б07:00019757"
"373748","09:0000290252"
"113705","07:0000004910"
"344260","09:0000292063"
"143539","04:0001006654"
"462219","09:0000493512"
"360373","09:0000298116"
"397643","09:0000671014"
"40062","02:0001347978"
"420735","09:0000153698"
"324926","07:0000563798"
"496077","09:0000376739"
"470179","09:0000441260"
"332879","07:0000095372"
"497900","09:0000339674"
"365554","09:0000329781"
"121007","08:0000665850"
"372918","Б09:00012071"
"23656","06:0000888679"
"299855","05:0000820385"
"299855","05:0000820385"
"450609","07:0000564737"
"320175","07:0000314922"
"366154","09:0000043857"
"463150","06:0000857834"
"512041","08:0000442838"
"456326","06:0000098544"
"488818","07:0000855550"
"80865","01:0001867404"
"430106","Б07:00029534"
"458227","09:0000743657"
"525821","07:0000153697"
"525525","09:0000544991"
"89376","04:0001025871"
"503977","09:0000352297"
"424380","09:0000368544"
"221441","01:0000184325"
"80958","06:0000145858"
"101566","04:0001036991"
"372290","09:0000743657"
"71352","01:0000109117"
"352562","09:0000326170"
"403828","06:0000853809"
"403828","06:0000862668"
"278326","06:0000862909"
"417790","08:0001185126"
"417790","08:0001186414"
"113335","08:0000415784"
"300202","06:0000868723"
"362606","09:0000325431"
"413919","Б09:00012071"
"328641","07:0000618139"
"395063","Б07:00020286"
"82600","01:0001858971"
"556419","09:0000367753"
"556419","09:0000367584"
"486915","Б09:00037282"
"439284","04:0000128087"
"499094","09:0000367447"
"46748","02:0000071500"
"557086","09:0000639928"
"455155","09:0000693429"
"845","03:0000062464"
"1811","03:0000062464"
"6070","03:0000062464"
"6077","03:0000062464"
"897","03:0000086743"
"897","03:0000086743"
"15669","03:0000062464"
"6382","03:0000565771"
"18239","03:0000468234"
"845","03:0000062464"
"1811","03:0000062464"
"6070","03:0000062464"
"6077","03:0000062464"
"897","03:0000086743"
"897","03:0000086743"
"15669","03:0000062464"
"6382","03:0000565771"
"18239","03:0000468234"
"113443","01:0000164411"
"52864","01:0000480491"
"52146","02:0000529270"
"80204","01:0000419174"
"120314","08:0000267254"
"219000","06:0000251155"
"170183","Б05:00018310"
"248299","08:0000325603"
"152026","Б05:00007414"
"173540","05:0000052733"
"60948","02:0000435329"
"249513","Б05:00007414"
"197833","05:0000085099"
"198648","Б05:00007414"
"249777","Б05:00007414"
"250743","06:0000240207"
"203075","Б05:00007414"
"164986","Б05:00007414"
"174983","Б05:00007414"
"251178","Б05:00007414"
"196871","Б05:00007414"
"167068","Б05:00007414"
"251397","03:0001314948"
"211130","Б05:00007414"
"65445","03:0000062464"
"217150","06:0000067943"
"357548","09:0000066868"
"250706","05:0000249163"
"362223","Б05:00001990"
"325966","Б05:00006224"
"401670","09:0000122107"
"332403","09:0000024982"
"324226","07:0000001858"
"382383","06:0000880182"
"435457","09:0000366485"
"435563","09:0000321670"
"434928","09:0000174201"
"435974","09:0000373478"
"333627","09:0000353836"
"424809","08:0000022512"
"417562","Б09:00012074"
"436418","09:0000390271"
"336343","Б09:00011494"
"436414","Б06:00036338"
"436422","Б06:00036338"
"436427","Б06:00036338"
"436583","07:0000204036"
"436439","Б06:00036338"
"436447","Б06:00036338"
"342181","Б09:00011494"
"436462","Б06:00036338"
"436478","Б06:00036338"
"436494","Б06:00036338"
"436603","09:0000297556"
"370428","09:0000174201"
"422575","09:0000365691"
"63791","02:0001430532"
"165435","Б05:00007414"
"464421","06:0000944672"
"242633","08:0000205969"
"171791","08:0000105007"
"464843","09:0000329850"
"464734","09:0000362469"
"465060","09:0000432417"
"384068","07:0000567807"
"337606","07:0000228442"
"349950","09:0000249407"
"333281","Б09:00011494"
"413788","09:0000363542"
"447444","09:0000363542"
"279329","06:0000840621"
"446009","09:0000365691"
"373012","09:0000434168"
"1205","03:0000086743"
"281220","06:0000859723"
"448006","09:0000303913"
"448011","09:0000303913"
"448018","09:0000303913"
"450408","09:0000303913"
"450418","09:0000303913"
"465493","09:0000378566"
"355643","Б07:00015669"
"355643","Б07:00015664"
"382034","05:0000085099"
"407043","09:0000301842"
"365528","09:0000174201"
"417781","08:0000944098"
"353741","09:0000572572"
"392628","09:0000616152"
"449756","09:0000298070"
"355914","09:0000609408"
"424240","09:0000298138"
"367650","09:0000298052"
"476951","09:0000321706"
"456765","09:0000297556"
"223180","Б06:00050279"
"136989","04:0000031270"
"395585","09:0000294297"
"447010","09:0000340130"
"436395","09:0000329793"
"296107","05:0000922772"
"498311","01:0001869494"
"305149","07:0000614857"
"141736","01:0000372601"
"153108","08:0000944098"
"525031","Б05:00026332"
"439165","09:0000581497"
"365509","09:0000570288"
"504184","09:0000699555"
"329405","07:0000069768"
"525264","09:0000616152"
"138996","04:0000214361"
"437140","07:0000537197"
"430106","Б07:00029536"
"430106","Б07:00029537"
"525601","09:0000570294"
"507636","Б06:00038097"
"103391","01:0001867650"
"200691","05:0000956782"
"518683","19:0000020715"
"526515","09:0000570294"
"526670","08:0000648510"
"441637","09:0000421251"
"454370","09:0000363542"
"379262","09:0000349965"
"526983","09:0000328701"
"526984","09:0000328701"
"322192","07:0000837625"
"246763","06:0000853651"
"288910","06:0000862664"
"252411","06:0000862807"
"278326","06:0000862894"
"168445","05:0000922571"
"553261","06:0000836628"
"413919","Б09:00012074"
"162545","Б05:00007414"
"398495","09:0000174201"
"395063","Б07:00020344"
"518835","09:0000367277"
"450595","09:0000512504"
"555888","09:0000434168"
"346307","06:0001132420"
"346307","06:0001132420"
"346307","06:0001132420"
"346307","06:0001132420"
"398202","06:0000864665"
"370930","09:0000570232"
"134741","08:0000944098"
"520008","09:0000732686"
"516279","Б09:00037279"
"369906","09:0000107805"
"497484","02:0000529270"
"421968","09:0000359952"
"499094","09:0000367277"
"371810","09:0000325036"
"65228","Б01:00078373"
"357059","09:0000174201"
"512384","10:0000053592"
"395385","09:0000660812"
"539017","03:0001856323"
"152690","08:0000944098"
"244","03:0000005393"
"5528","Б03:00001323"
"875","03:0000062447"
"911","03:0000014259"
"244","03:0000005393"
"5528","Б03:00001323"
"875","03:0000062447"
"911","03:0000014259"
"93852","04:0000330095"
"184105","02:0000231908"
"13842","03:0000408502"
"94928","04:0000588969"
"184910","02:0000191156"
"185650","05:0000040267"
"186717","03:0000739479"
"80853","02:0000786765"
"82496","01:0000359197"
"211092","05:0000446350"
"219529","06:0000037984"
"19800","03:0000308480"
"242036","03:0000239975"
"244148","06:0000146921"
"191727","01:0000029674"
"161038","02:0000020362"
"202678","05:0000160313"
"202678","05:0000160313"
"60613","03:0000795457"
"302693","06:0000120581"
"68419","01:0000029674"
"214067","06:0000225741"
"189712","Б05:00011461"
"304214","06:0000345675"
"132529","08:0000615270"
"250555","06:0000122569"
"173434","05:0000762249"
"313600","03:0000769681"
"116189","08:0000047126"
"360978","09:0000082653"
"344280","09:0000082653"
"344260","09:0000082653"
"5464","03:0000739479"
"173416","05:0000160313"
"229056","06:0000627196"
"303938","06:0000122569"
"382670","07:0000168829"
"398843","06:0000880134"
"415149","07:0000543792"
"360620","09:0000354884"
"282489","11:0000095911"
"375590","09:0000386245"
"292532","06:0000857222"
"435938","09:0000387239"
"405140","09:0000351266"
"398087","09:0000334146"
"435577","09:0000298301"
"421643","09:0000298301"
"436324","09:0000387239"
"385266","06:0000880134"
"398843","06:0000880134"
"419528","09:0000319501"
"436603","09:0000298007"
"354100","Б09:00012387"
"436449","09:0000297519"
"255693","Б05:00002129"
"119753","08:0000913009"
"428333","09:0000389686"
"428405","09:0000389686"
"346046","06:0000122569"
"351721","09:0000394240"
"359667","09:0000509878"
"456756","06:0000237719"
"464928","09:0000300238"
"457968","09:0000329118"
"332957","Б09:00012334"
"464361","09:0000290941"
"465013","09:0000351266"
"349631","Б09:00012387"
"424933","09:0000363274"
"424933","09:0000363190"
"379897","09:0000528193"
"449153","09:0000364671"
"377192","09:0000468860"
"38443","02:0001412930"
"303933","06:0000122569"
"465772","07:0000683729"
"352282","09:0000325501"
"450484","09:0000305081"
"450413","09:0000305081"
"450429","09:0000305081"
"450449","09:0000305081"
"419528","09:0000319501"
"466020","09:0000354884"
"436697","06:0001022778"
"354383","09:0000573304"
"449825","09:0000297959"
"449985","09:0000297954"
"442588","09:0000322019"
"222650","Б06:00045330"
"497237","07:0000168829"
"130359","08:0000052476"
"432683","08:0000181214"
"248076","03:0001718936"
"82382","04:0001005676"
"300168","07:0000550046"
"436617","09:0000330917"
"176265","05:0000923174"
"112472","08:0000646876"
"339084","07:0000179322"
"2581","03:0001842669"
"341324","09:0000572590"
"348155","09:0000572590"
"331134","09:0000572590"
"406683","09:0000572590"
"400826","09:0000572590"
"425415","09:0000572590"
"331563","09:0000572590"
"244527","06:0000864818"
"168213","05:0000683847"
"93059","04:0001025892"
"450275","09:0000351266"
"284775","05:0000912230"
"426693","13:0000002894"
"501183","09:0000343693"
"81740","04:0001005676"
"341324","09:0000572590"
"331566","09:0000572590"
"331134","09:0000572590"
"369480","09:0000509878"
"400826","09:0000572590"
"525525","09:0000544989"
"331563","09:0000572590"
"400806","09:0000572590"
"510664","09:0000572590"
"317733","05:0000020857"
"390255","09:0000793911"
"151931","Б07:00014881"
"341324","09:0000572590"
"348155","09:0000572590"
"331563","09:0000572590"
"331566","09:0000572590"
"331134","09:0000572590"
"400806","09:0000572590"
"425415","09:0000572590"
"510664","09:0000572590"
"526550","09:0000316486"
"359681","09:0000167971"
"341324","09:0000572590"
"348155","09:0000572590"
"331563","09:0000572590"
"331566","09:0000572590"
"331134","09:0000572590"
"400806","09:0000572590"
"425415","09:0000572590"
"526988","09:0000419390"
"417672","06:0000856234"
"382773","09:0000513089"
"285998","06:0000853674"
"285998","06:0000853681"
"403828","06:0000853818"
"479401","05:0000995949"
"434557","09:0000351266"
"362606","09:0000325501"
"362606","09:0000325602"
"347408","03:0000739479"
"555725","11:0000030980"
"86467","01:0001857008"
"251151","05:0000995949"
"251142","05:0000995949"
"546906","21:0000000017"
"535198","11:0000017411"
"332814","08:0001281723"
"424495","Б07:00029541"
"450327","09:0000495053"
"14262","03:0001841339"
"543382","Б09:00037283"
"56511","02:0001070391"
"267996","08:0000929019"
"521233","09:0000894855"
"557025","06:0000045783"
"389066","Б06:00044477"
"449714","09:0000295926"
"538758","09:0000323360"
"439165","09:0000706793"
"543202","21:0000003434"
"369628","Б07:00028593"
"425164","09:0000910380"
"549280","Б07:00029541"
"439187","09:0000372480"
"183907","02:0000152533"
"150007","05:0000175151"
"142483","02:0001142229"
"107330","03:0000094094"
"64733","02:0000253810"
"186511","02:0000230057"
"113852","01:0000367536"
"217941","03:0000597023"
"237469","04:0000194189"
"115227","08:0000037033"
"184278","08:0000080149"
"123865","08:0000217526"
"100870","04:0000699404"
"252332","02:0000336135"
"281407","06:0000118907"
"200305","Б05:00006220"
"183950","08:0000727127"
"134004","08:0000020339"
"295197","03:0000937343"
"212635","06:0000363751"
"212635","06:0000363751"
"172261","Б05:00006144"
"172261","Б05:00006191"
"237724","06:0000220959"
"59808","02:0000823133"
"360706","07:0000251252"
"354550","09:0000084156"
"228388","06:0000043500"
"402339","09:0000243551"
"20352","03:0000746605"
"232271","06:0000132148"
"81713","01:0000269105"
"403688","08:0000011151"
"371751","09:0000290082"
"398773","09:0000363732"
"359491","09:0000385623"
"333424","Б09:00012634"
"359491","09:0000386169"
"398287","09:0000357569"
"435682","09:0000294171"
"435702","09:0000367379"
"395585","09:0000368537"
"352863","09:0000326147"
"360433","09:0000329433"
"429244","09:0000304613"
"402846","07:0000543763"
"368095","06:0000108111"
"435577","09:0000298360"
"436310","09:0000389361"
"408874","09:0000389508"
"436414","Б06:00036841"
"436422","Б06:00036841"
"436427","Б06:00036841"
"436439","Б06:00036841"
"436462","Б06:00036841"
"436478","Б06:00036841"
"436479","Б06:00036841"
"347593","09:0000175194"
"436483","Б06:00036841"
"436494","Б06:00036841"
"436504","Б06:00036841"
"436617","09:0000298179"
"436505","Б06:00036841"
"436506","Б06:00036841"
"354100","Б09:00012634"
"436421","09:0000297786"
"258303","06:0000466344"
"436826","09:0000362591"
"402338","09:0000392107"
"353296","09:0000313754"
"198021","05:0000926457"
"422575","09:0000365591"
"284846","08:0000939438"
"384352","09:0000332671"
"246530","06:0000271360"
"426341","09:0000373887"
"324101","06:0000857486"
"223769","06:0000740055"
"442734","09:0000476006"
"72966","01:0001105581"
"315578","08:0000231806"
"388940","09:0000290082"
"199502","05:0000483622"
"374092","Б09:00012634"
"349631","Б09:00012634"
"426386","09:0000313374"
"424933","09:0000363217"
"425164","09:0000309932"
"446009","09:0000365591"
"287294","06:0000947639"
"465574","06:0000043500"
"413119","06:0000947782"
"402846","07:0000543763"
"448006","09:0000331824"
"448011","09:0000331824"
"448018","09:0000331824"
"450408","09:0000331824"
"450418","09:0000331824"
"355643","Б07:00015675"
"450484","09:0000330108"
"450413","09:0000330108"
"450429","09:0000330108"
"450449","09:0000330108"
"81527","01:0000686230"
"398625","09:0000357173"
"284913","Б05:00005147"
"441693","09:0000226048"
"424240","09:0000298104"
"360373","09:0000298179"
"441149","09:0000298078"
"443574","09:0000326940"
"35291","02:0001432444"
"367757","05:0000922367"
"477905","06:0000035950"
"395585","09:0000294542"
"371383","09:0000309590"
"374956","09:0000332479"
"359477","09:0000326758"
"436395","09:0000329815"
"66677","01:0001856870"
"472521","07:0000536951"
"205711","05:0000537749"
"394901","09:0000290082"
"211329","05:0000912338"
"333676","07:0000898523"
"478956","01:0000012464"
"90541","02:0000248644"
"523628","07:0000653555"
"190367","08:0000940964"
"387462","Б07:00014759"
"63332","02:0000667374"
"134818","10:0000326595"
"81088","04:0001025870"
"364903","09:0000033639"
"378425","09:0000570290"
"398780","06:0000836624"
"471155","09:0000794254"
"367962","07:0000179554"
"478956","01:0000012464"
"341129","Б07:00015723"
"452107","09:0000593434"
"507153","05:0001011944"
"445644","09:0000572442"
"376314","09:0000326940"
"447038","09:0000298985"
"526986","09:0000328681"
"526985","09:0000346503"
"272466","06:0000676989"
"276771","03:0000752224"
"276771","03:0000752224"
"288910","06:0000853842"
"288910","06:0000853848"
"204630","05:0001049725"
"409919","06:0000890449"
"492147","07:0000003415"
"556186","09:0000634903"
"177350","Б05:00009448"
"298340","10:0000243962"
"398287","09:0000373887"
"424495","Б07:00029542"
"287201","05:0000412271"
"352348","09:0000294542"
"425164","09:0000910210"
"549280","Б07:00029542"
"539367","09:0000297375"
"183591","04:0000147037"
"163366","02:0000427736"
"185905","02:0000273432"
"186515","08:0000230299"
"20363","03:0000831407"
"67492","01:0000017580"
"230480","06:0000241894"
"265808","05:0000685328"
"243722","06:0000241894"
"232648","06:0000330366"
"303108","06:0000157959"
"253153","06:0000017962"
"6313","03:0001360944"
"297498","01:0000350715"
"154539","05:0000061165"
"266652","06:0000257795"
"191119","05:0000455279"
"247950","06:0000062986"
"25103","09:0000032359"
"379713","09:0000121889"
"156752","Б05:00006402"
"136554","08:0000127578"
"393872","06:0000391594"
"286430","06:0000391594"
"20668","03:0001393435"
"379549","09:0000364263"
"375588","09:0000386708"
"34746","02:0000145911"
"409640","09:0000388195"
"270974","01:0000068194"
"382566","09:0000344977"
"244940","05:0000488968"
"341339","Б09:00013045"
"436547","09:0000350520"
"436468","09:0000386749"
"436589","09:0000296088"
"436833","09:0000352063"
"405680","09:0000130354"
"424105","09:0000390338"
"426806","09:0000390338"
"424101","09:0000390338"
"415628","Б09:00013045"
"365849","09:0000367672"
"437281","Б07:00015822"
"171789","05:0000923162"
"417934","09:0000439573"
"314067","07:0000562360"
"340014","09:0000414126"
"453677","09:0000525360"
"464673","07:0000678804"
"198700","05:0000284404"
"332957","Б09:00011719"
"424933","09:0000363281"
"449153","09:0000364611"
"359666","09:0000501068"
"143527","01:0001857705"
"378634","06:0000862143"
"408590","09:0000301685"
"453023","09:0000439432"
"449150","09:0000391861"
"465340","09:0000312566"
"387014","09:0000392767"
"341372","09:0000376751"
"465787","09:0000376537"
"355643","Б07:00015667"
"324678","Б07:00015977"
"431603","09:0000289683"
"391892","07:0000554368"
"214366","Б05:00011600"
"13930","09:0000337488"
"417781","08:0000929688"
"462193","09:0000341017"
"462198","09:0000340862"
"462198","09:0000400665"
"462225","09:0000298697"
"229807","06:0000214204"
"365955","09:0000472157"
"442588","09:0000321990"
"129021","08:0000128637"
"64818","02:0000083452"
"418450","05:0000924805"
"416505","09:0000332405"
"469036","09:0000364263"
"389521","07:0000216772"
"349618","09:0000352063"
"331378","06:0000922822"
"209554","05:0000156989"
"390473","06:0000150899"
"79660","04:0000361491"
"153108","08:0000929688"
"449846","06:0001089283"
"359477","09:0000315412"
"158737","04:0000147037"
"74315","03:0001842621"
"101828","01:0000055499"
"159727","05:0000470774"
"170568","05:0000926461"
"309992","07:0000228729"
"52330","02:0001440885"
"443576","09:0000570143"
"430106","Б07:00029529"
"483283","08:0000127578"
"226905","06:0000241894"
"400668","09:0000409717"
"343905","09:0000747257"
"222700","Б06:00038361"
"333224","Б07:00025773"
"124685","08:0000265062"
"424380","09:0000364900"
"402318","10:0000044747"
"248103","09:0000744172"
"284073","04:0001006662"
"75791","01:0001857527"
"71125","09:0000041112"
"387126","09:0000041112"
"526578","09:0000170101"
"291478","05:0000924728"
"285998","06:0000853799"
"382598","07:0000529384"
"383813","Б07:00029545"
"383813","Б07:00029547"
"358812","09:0000330249"
"37991","04:0001006222"
"331019","01:0001855681"
"518835","09:0000367262"
"356969","02:0001440879"
"556079","09:0000530067"
"478035","07:0000570899"
"284774","08:0001244078"
"420112","08:0000941109"
"128061","02:0000697929"
"453228","08:0000941109"
"238196","05:0001011954"
"412928","03:0001841819"
"134741","08:0000929688"
"90358","04:0001025082"
"272502","05:0000922121"
"352282","09:0000315412"
"556915","09:0000619677"
"544873","05:0000924880"
"544873","05:0000924880"
"20848","03:0001842621"
"449714","09:0000293991"
"557339","09:0000328497"
"557452","09:0000297596"
"175846","05:0000566120"
"122692","08:0001199842"
"152690","08:0000929688"
"1154","03:0000057728"
"2347","03:0000057728"
"1392","03:0000057728"
"942","03:0000082583"
"5177","03:0000159389"
"5177","03:0000159389"
"1791","03:0000137697"
"3571","03:0000356863"
"2459","03:0000006955"
"1791","03:0000137697"
"6439","03:0000082583"
"13994","03:0000082583"
"1342","03:0000192422"
"1154","03:0000057728"
"2347","03:0000057728"
"1392","03:0000057728"
"942","03:0000082583"
"5177","03:0000159389"
"5177","03:0000159389"
"1791","03:0000137697"
"3571","03:0000356863"
"2459","03:0000006955"
"1791","03:0000137697"
"6439","03:0000082583"
"13994","03:0000082583"
"1342","03:0000192422"
"105325","04:0000124261"
"105325","04:0000064288"
"51978","02:0000206350"
"184678","01:0000529159"
"163441","03:0001527672"
"57223","02:0000431145"
"50354","01:0000492306"
"116749","10:0000071894"
"172063","10:0000089438"
"76358","01:0000428541"
"247960","Б05:00019557"
"214775","05:0000537198"
"247878","06:0000075917"
"248133","06:0000020763"
"249579","06:0000075917"
"189712","Б05:00011445"
"302792","06:0000546803"
"48789","01:0000164367"
"186732","05:0000623879"
"227390","06:0000399322"
"304154","06:0000075917"
"142897","08:0000519895"
"343763","09:0000074769"
"313279","07:0000064431"
"320626","07:0000292869"
"307612","06:0000069933"
"166563","Б05:00008914"
"352059","09:0000074769"
"94816","01:0000946714"
"56212","01:0000939248"
"387362","09:0000067182"
"95977","02:0000279850"
"403257","07:0000012725"
"403467","11:0000025360"
"336966","07:0000064431"
"56042","09:0000083968"
"207700","05:0000304424"
"400288","06:0000816488"
"421326","06:0000868726"
"375204","09:0000380969"
"333939","Б09:00012381"
"333939","Б09:00011491"
"304621","11:0000022054"
"333424","Б09:00012636"
"365528","09:0000173861"
"215567","06:0000132794"
"360820","09:0000173861"
"292532","06:0000857238"
"435684","09:0000335128"
"435644","09:0000335128"
"435577","09:0000298284"
"424951","09:0000375071"
"417562","Б09:00012069"
"322086","Б06:00036639"
"322086","Б06:00036635"
"338542","Б09:00012650"
"436414","Б06:00036337"
"436419","Б06:00036337"
"436425","Б06:00036337"
"436427","Б06:00036337"
"436432","Б06:00036337"
"436439","Б06:00036337"
"436444","Б06:00036337"
"342181","Б09:00012355"
"436457","Б06:00036337"
"436470","Б06:00036337"
"436478","Б06:00036337"
"436479","Б06:00036337"
"436483","Б06:00036337"
"436488","Б06:00036337"
"436491","Б06:00036337"
"436496","Б06:00036337"
"436498","Б06:00036337"
"436500","Б06:00036337"
"336247","Б09:00012650"
"436503","Б06:00036337"
"436506","Б06:00036337"
"354100","Б09:00012636"
"354100","Б09:00012645"
"325793","Б06:00038265"
"436826","09:0000362606"
"382424","Б06:00040618"
"362188","09:0000314304"
"437319","09:0000335128"
"349542","09:0000299810"
"437271","09:0000335128"
"399171","11:0000095070"
"353467","09:0000440813"
"455553","09:0000447327"
"426341","09:0000359623"
"356471","11:0000022054"
"441033","09:0000326064"
"252523","Б05:00011540"
"457968","09:0000337354"
"464361","09:0000442778"
"355675","Б09:00012645"
"355675","Б09:00012645"
"355675","Б09:00012381"
"342181","Б09:00012650"
"374092","Б09:00012636"
"333281","Б09:00012355"
"349631","Б09:00012381"
"349631","Б09:00012645"
"349631","Б09:00011491"
"465136","09:0000524036"
"465135","09:0000506705"
"413769","09:0000375071"
"353490","09:0000353364"
"413788","09:0000364677"
"413788","09:0000363551"
"447444","09:0000363551"
"447444","09:0000364677"
"359666","09:0000098631"
"425164","09:0000310528"
"344085","07:0000072146"
"267","05:0000537198"
"418926","09:0000425854"
"497411","08:0000936453"
"326584","07:0000533432"
"219600","06:0000838921"
"357953","07:0000271963"
"371383","09:0000309522"
"416505","09:0000309618"
"359477","09:0000327832"
"443093","09:0000332226"
"443823","09:0000310528"
"441773","09:0000440813"
"498089","09:0000335128"
"476362","09:0000078181"
"54515","02:0001436610"
"372918","Б09:00012069"
"351836","07:0000523173"
"485115","Б07:00014883"
"485115","Б07:00014882"
"247765","Б06:00038262"
"478231","07:0000347184"
"390596","08:0001127772"
"65220","01:0001855465"
"399287","11:0000022054"
"289015","11:0000025360"
"288363","11:0000025360"
"336240","08:0001071156"
"315937","11:0000025360"
"263436","05:0000972958"
"389372","09:0000514166"
"266822","Б05:00008914"
"410573","09:0000295378"
"251291","05:0000010425"
"31968","03:0001841340"
"151931","Б07:00014882"
"341129","Б07:00015730"
"127469","09:0000173861"
"411049","09:0000348757"
"351530","09:0000514277"
"351530","09:0000305125"
"170655","05:0000998426"
"358820","10:0000326447"
"454370","09:0000363551"
"512684","09:0000288730"
"285998","06:0000853664"
"285998","06:0000853679"
"373567","09:0000572541"
"341623","09:0000324013"
"344396","09:0000324013"
"527052","09:0000335128"
"528120","06:0000897809"
"413919","Б09:00012069"
"517061","09:0000324325"
"555973","09:0000324013"
"555841","09:0000324013"
"555867","09:0000324013"
"357010","09:0000173861"
"484321","09:0000890851"
"518835","09:0000362606"
"555964","09:0000324013"
"555861","09:0000324013"
"555944","09:0000324013"
"555931","09:0000324013"
"555907","09:0000324013"
"240808","06:0000846413"
"555959","09:0000324013"
"555938","09:0000324013"
"555845","09:0000324013"
"496541","09:0000324013"
"496586","09:0000324013"
"496519","09:0000324013"
"496595","09:0000324013"
"452504","09:0000511465"
"496565","09:0000324013"
"452507","09:0000511465"
"496553","09:0000324013"
"398287","09:0000359623"
"295223","08:0001263578"
"556397","09:0000367540"
"556342","09:0000365920"
"219638","06:0000152959"
"336159","06:0000860604"
"342358","06:0000860604"
"342665","06:0000860604"
"315594","Б05:00011445"
"326921","04:0000051001"
"556948","07:0000105718"
"308406","05:0000972958"
"557031","09:0000324013"
"556971","09:0000324013"
"557062","09:0000324013"
"557021","09:0000324013"
"557005","09:0000324013"
"357059","09:0000173861"
"557060","09:0000324013"
"557048","09:0000324013"
"557016","09:0000324013"
"496586","09:0000324013"
"496576","09:0000324013"
"235572","05:0000056974"
"542095","21:0000000154"
"53378","02:0000388480"
"553324","08:0001236523"
"373481","09:0000323437"
"257581","05:0000924736"
"200573","01:0000701065"
"369628","Б07:00028591"
"461468","09:0000464134"
"557437","09:0000297821"
"501151","09:0000297394"
"456593","09:0000890851"
"532716","08:0000936413"
"388","03:0000022654"
"3199","03:0000159404"
"9367","03:0000022654"
"17224","03:0000475846"
"326","03:0000147081"
"388","03:0000022654"
"3199","03:0000159404"
"9367","03:0000022654"
"17224","03:0000475846"
"326","03:0000147081"
"16988","03:0000708718"
"94069","04:0000226947"
"184463","04:0000467750"
"163408","08:0000184629"
"55392","02:0000503044"
"51664","02:0000323061"
"163978","04:0000183132"
"121967","08:0000130795"
"247491","06:0000064655"
"249229","06:0000081359"
"163265","05:0000440320"
"115437","08:0000427951"
"252270","06:0000275869"
"87944","04:0000058320"
"273512","06:0000048809"
"189712","Б05:00011137"
"325404","04:0000469382"
"324694","07:0000184545"
"320731","08:0000136011"
"344222","09:0000095476"
"373012","09:0000095476"
"354346","09:0000095476"
"354383","09:0000095476"
"327801","07:0000062203"
"385575","09:0000226406"
"383134","09:0000095476"
"392628","09:0000095476"
"392630","09:0000095476"
"367294","07:0000132766"
"297210","06:0000048809"
"435461","06:0000164747"
"435493","07:0000562460"
"419120","09:0000383888"
"371810","09:0000325860"
"399079","09:0000340777"
"423010","09:0000357816"
"17214","03:0001842244"
"50881","01:0000278677"
"392487","09:0000386627"
"435992","06:0000881266"
"398625","09:0000361309"
"386023","07:0000184252"
"286834","05:0000929545"
"435577","09:0000298121"
"421643","09:0000298121"
"319747","07:0000062203"
"359388","09:0000346209"
"417562","Б09:00012070"
"436414","Б06:00036840"
"436419","Б06:00036840"
"270567","06:0000856361"
"436422","Б06:00036840"
"436427","Б06:00036840"
"376545","09:0000386932"
"436439","Б06:00036840"
"436462","Б06:00036840"
"436488","Б06:00036840"
"436494","Б06:00036840"
"436500","Б06:00036840"
"354100","Б09:00012646"
"375566","07:0000133620"
"350617","09:0000393823"
"365849","09:0000321921"
"437281","Б07:00015824"
"437294","Б07:00015819"
"437271","09:0000335113"
"107306","08:0000938987"
"367090","09:0000299310"
"381420","06:0000164747"
"12638","03:0000263528"
"464544","07:0000562460"
"436906","09:0000095476"
"331469","07:0000281359"
"348487","09:0000338326"
"174264","05:0000923133"
"355675","Б09:00012646"
"349631","Б09:00012646"
"418144","09:0000363817"
"176747","05:0000922095"
"448305","09:0000366720"
"361732","09:0000367319"
"383456","09:0000304139"
"225693","05:0000038982"
"91620","04:0000850887"
"449839","Б07:00014887"
"360484","Б07:00016479"
"353741","09:0000570144"
"456765","09:0000297573"
"497696","07:0000562460"
"472433","08:0001138589"
"354967","Б07:00016844"
"447010","09:0000340041"
"390440","06:0000150993"
"290699","07:0000594716"
"498202","06:0000858407"
"498350","08:0000441990"
"485115","Б07:00014887"
"62685","02:0000068916"
"170719","05:0000101689"
"15615","06:0001026653"
"477818","04:0000024633"
"221109","06:0000871465"
"434439","06:0000856361"
"524984","18:0000004199"
"356413","07:0000134431"
"349555","09:0000601977"
"525174","02:0000201798"
"477683","05:0001011952"
"525264","09:0000583724"
"454297","Б09:00012483"
"289554","01:0000032379"
"492509","18:0000018618"
"505553","18:0000018618"
"333160","07:0000996540"
"333224","Б07:00025769"
"337458","07:0000179111"
"480703","Б06:00053921"
"50445","01:0000081998"
"526694","09:0000321316"
"268659","02:0001436607"
"519754","09:0000315496"
"516047","09:0000329214"
"384977","09:0000616088"
"384977","09:0000617169"
"246763","06:0000853644"
"288910","06:0000853855"
"252411","06:0000862754"
"252411","06:0000862773"
"252411","06:0000862833"
"278326","06:0000863389"
"278326","06:0000863347"
"194694","05:0000972566"
"527052","09:0000335113"
"383813","Б07:00029550"
"197091","05:0000922095"
"413919","Б09:00012070"
"555935","09:0000867460"
"555936","Б09:00012483"
"555913","Б09:00012483"
"556160","01:0001855689"
"532368","09:0000343238"
"556143","09:0000867460"
"337782","07:0000543681"
"555879","Б09:00012483"
"555878","09:0000595344"
"555875","09:0000595344"
"555952","Б09:00012483"
"496576","Б09:00012483"
"496595","Б09:00012483"
"496565","Б09:00012483"
"66394","01:0001857625"
"556184","09:0000867460"
"346307","06:0001132394"
"346307","06:0001132394"
"346307","06:0001132394"
"346307","06:0001132394"
"346307","06:0001132394"
"335319","06:0000860575"
"335380","06:0000860575"
"322861","06:0000868154"
"336129","06:0000860575"
"529792","06:0000860575"
"530911","06:0000860575"
"336167","06:0000860575"
"342150","06:0000860575"
"304243","07:0000541570"
"336158","06:0000860575"
"342452","06:0000860575"
"342702","06:0000860575"
"529802","06:0000860575"
"529813","06:0000860575"
"146674","04:0000850887"
"530886","06:0000860575"
"526289","06:0000860575"
"526312","06:0000860575"
"527879","06:0000860575"
"268191","06:0000042945"
"347806","09:0000305841"
"333196","Б07:00025769"
"408774","Б05:00008489"
"359408","09:0000289656"
"557040","Б09:00012483"
"557021","Б09:00012483"
"556997","Б09:00012483"
"557070","Б09:00012483"
"374189","09:0000052597"
"496560","Б09:00012483"
"496519","Б09:00012483"
"269678","06:0001085174"
"549158","09:0000290295"
"471966","09:0000617169"
"539367","09:0000297805"
"461550","09:0000661301"
"529620","08:0000788489"
"471181","19:0000026956"
"557564","05:0001125190"
"1980","03:0000120681"
"1980","03:0000120681"
"57084","02:0000093470"
"185105","08:0000234246"
"179760","01:0000093354"
"150718","08:0000189517"
"122489","08:0000161595"
"156611","05:0000050989"
"47761","02:0000148721"
"191930","05:0000250706"
"83848","02:0000137346"
"187024","05:0000051616"
"27672","03:0001554248"
"182114","05:0000068702"
"223856","06:0000065087"
"148998","08:0000446692"
"302022","05:0000754489"
"32837","02:0000195494"
"200305","Б05:00006251"
"72166","01:0000093354"
"244192","05:0000164779"
"216537","08:0000632854"
"232648","06:0000328908"
"242652","08:0000065051"
"277922","10:0000070352"
"71294","01:0001643920"
"124643","08:0000670656"
"112798","04:0000648098"
"359389","06:0000717704"
"360350","07:0000222321"
"105231","03:0000207837"
"241642","06:0000136431"
"237817","06:0000284278"
"214692","05:0000852146"
"231270","06:0000328908"
"107030","02:0000195494"
"312796","06:0000043577"
"133609","08:0000632854"
"270593","02:0000095387"
"398961","07:0000229428"
"186274","04:0000149688"
"383134","09:0000292057"
"393758","09:0000324872"
"346527","09:0000356989"
"332549","Б09:00012357"
"332549","Б09:00012363"
"303962","01:0001304549"
"352863","09:0000326111"
"356869","06:0000005821"
"28115","10:0000326466"
"409524","09:0000388481"
"146562","05:0000924748"
"436442","07:0000049745"
"415459","09:0000323809"
"436380","09:0000303593"
"338542","Б09:00012651"
"436384","09:0000303593"
"436414","Б06:00037600"
"336604","Б09:00012363"
"336604","Б09:00012357"
"436427","Б06:00037600"
"432352","06:0000882680"
"436447","Б06:00037600"
"342181","Б09:00011489"
"428027","06:0000882680"
"436494","Б06:00037600"
"436496","Б06:00037600"
"404249","06:0000882680"
"436500","Б06:00037600"
"336247","Б09:00012651"
"436504","Б06:00037600"
"436505","Б06:00037600"
"173208","Б09:00012308"
"358685","Б09:00012357"
"358685","Б09:00012363"
"342563","Б09:00013720"
"427053","09:0000335781"
"382436","09:0000335781"
"428256","09:0000326100"
"241012","05:0000922767"
"444423","09:0000371919"
"441623","09:0000358670"
"441033","09:0000329044"
"441033","09:0000330902"
"332957","Б09:00012308"
"465079","09:0000305459"
"342181","Б09:00012651"
"374092","Б09:00012363"
"374092","Б09:00012357"
"333281","Б09:00011489"
"425164","09:0000310514"
"208423","05:0000922182"
"378634","06:0000862172"
"231382","08:0000013018"
"465706","09:0000345651"
"432163","06:0000850865"
"352282","09:0000325470"
"352282","09:0000325567"
"339848","07:0000566987"
"355643","Б07:00015674"
"343157","09:0000292057"
"462225","09:0000298677"
"360373","09:0000298129"
"462206","09:0000342581"
"17625","03:0001843263"
"72621","01:0001855447"
"335779","06:0000636568"
"476951","09:0000411956"
"168387","05:0000925286"
"496937","19:0000000889"
"359879","09:0000570229"
"439554","07:0000893871"
"343461","07:0000076268"
"470172","09:0000419276"
"418927","09:0000419276"
"371912","09:0000673368"
"447010","09:0000309627"
"359477","09:0000327910"
"497913","09:0000345651"
"130807","08:0000446692"
"498071","09:0000308860"
"494079","08:0000940951"
"498179","09:0000584908"
"54877","Б02:00006571"
"5206","09:0000329880"
"354042","09:0000674704"
"478448","07:0000892948"
"86255","01:0001855323"
"452947","07:0000859428"
"474824","07:0000493216"
"472068","09:0000298677"
"215563","06:0000291129"
"359477","09:0000316010"
"525264","09:0000390631"
"221889","06:0001046099"
"429163","09:0000590862"
"429165","09:0000590862"
"227940","05:0000972564"
"109310","04:0001036979"
"169346","05:0001034003"
"43230","02:0000281412"
"355781","09:0000321855"
"424380","09:0000364809"
"495987","09:0000349633"
"170548","04:0000990842"
"341129","Б07:00015854"
"290051","05:0000092544"
"452107","09:0000593011"
"519333","09:0000300338"
"526577","09:0000411383"
"526570","09:0000411383"
"526564","09:0000411383"
"526578","09:0000170113"
"55255","02:0000137346"
"352562","09:0000330902"
"410235","04:0001003003"
"526802","09:0000350140"
"103776","04:0001003003"
"364618","09:0000293777"
"359681","09:0000167956"
"526989","09:0000479254"
"467462","Б07:00015739"
"246763","06:0000870419"
"403828","06:0000853831"
"288910","06:0000862684"
"288910","06:0000853838"
"278326","06:0000862881"
"278326","06:0000863361"
"527201","09:0000411383"
"417790","08:0001186273"
"527171","09:0000411383"
"334774","05:0000922766"
"362606","09:0000325470"
"362606","09:0000325567"
"511067","09:0000326100"
"73937","04:0001010132"
"210562","05:0000164779"
"532208","06:0000877488"
"484321","09:0000890829"
"271759","05:0001034003"
"424495","Б07:00029543"
"449120","09:0000358670"
"532660","09:0000815794"
"548980","09:0000205849"
"359491","09:0000289490"
"133802","02:0000429356"
"301383","06:0000890437"
"556389","09:0000889463"
"556381","09:0000889463"
"471169","09:0000488297"
"39762","01:0001963898"
"486915","Б09:00037280"
"229137","06:0000136431"
"511067","09:0000326100"
"352282","09:0000316010"
"371810","09:0000325025"
"328834","07:0000812404"
"147239","05:0000754489"
"538605","09:0000398794"
"423757","06:0000386457"
"549280","Б07:00029543"
"4696","03:0001842676"
"557431","09:0000889463"
"557419","09:0000889463"
"557414","09:0000889463"
"549168","09:0000889463"
"362427","09:0000371919"
"313892","Б06:00050286"
"18365","03:0000471464"
"18578","03:0000598592"
"18365","03:0000471464"
"18578","03:0000598592"
"122477","08:0000216879"
"185281","01:0001118483"
"107434","03:0000787391"
"109454","03:0000408436"
"163678","02:0001407947"
"46561","02:0001349339"
"187786","01:0000124568"
"152026","Б05:00012836"
"104516","08:0000332447"
"185756","Б05:00013057"
"113579","03:0001554250"
"48156","Б01:00038001"
"170059","Б05:00012836"
"250881","Б05:00012836"
"249363","03:0001554242"
"189712","Б05:00011477"
"101570","04:0000318944"
"68570","01:0000044965"
"62400","01:0001205898"
"303486","06:0000039841"
"198648","Б05:00012836"
"271892","06:0000057285"
"152267","01:0000978039"
"139196","01:0000090235"
"241984","06:0000313950"
"346121","07:0000119774"
"401670","09:0000119886"
"210023","03:0000161645"
"391508","07:0000117580"
"344945","07:0000353913"
"344974","07:0000353913"
"230004","Б05:00009229"
"230004","Б05:00013057"
"403162","09:0000172113"
"316694","07:0000310713"
"191451","05:0000022629"
"404006","09:0000172113"
"363200","09:0000248418"
"334620","07:0000112089"
"403997","09:0000172113"
"404492","07:0000353913"
"409892","06:0000880228"
"393758","09:0000324864"
"301144","11:0000095997"
"339709","09:0000351160"
"362255","09:0000351160"
"336028","Б09:00012327"
"395585","09:0000326125"
"395585","09:0000326119"
"352863","09:0000326152"
"243603","06:0000881265"
"435974","09:0000373510"
"398625","09:0000352524"
"435577","09:0000298380"
"435568","09:0000172113"
"391961","11:0000007084"
"322086","Б06:00036636"
"322086","Б06:00036632"
"404798","Б09:00012668"
"436489","09:0000388930"
"267883","08:0000118550"
"436468","09:0000388930"
"436452","09:0000388930"
"436579","08:0000964659"
"436435","09:0000388930"
"380302","07:0000119774"
"354100","Б09:00012361"
"436021","09:0000388930"
"173208","Б09:00012315"
"173208","Б09:00012304"
"363902","07:0000195868"
"413180","06:0000883425"
"431274","06:0000883425"
"380376","09:0000063646"
"436226","09:0000388930"
"342563","Б09:00013721"
"311966","07:0000266780"
"436888","09:0000388930"
"436854","09:0000388930"
"353346","Б09:00012668"
"422575","09:0000365632"
"437337","09:0000365731"
"437294","Б07:00015818"
"437254","09:0000172113"
"341432","09:0000351160"
"343939","09:0000351160"
"399741","07:0000353913"
"361608","09:0000351160"
"412296","09:0000197531"
"430955","09:0000299204"
"353546","09:0000439461"
"367090","09:0000297992"
"241874","06:0000716531"
"441033","09:0000326209"
"441033","09:0000326195"
"244905","05:0000916717"
"208394","06:0000881265"
"246725","02:0001219202"
"332957","Б09:00012315"
"332957","Б09:00012335"
"332957","Б09:00012327"
"431373","09:0000305200"
"361338","09:0000334142"
"408501","09:0000302637"
"446009","09:0000365632"
"374344","09:0000365731"
"447929","07:0000176967"
"465813","09:0000406758"
"352282","09:0000325554"
"371810","09:0000333220"
"358137","Б07:00014740"
"429165","09:0000459376"
"461946","09:0000298034"
"417817","08:0000929708"
"441166","09:0000356899"
"449985","09:0000297944"
"441149","09:0000297983"
"339183","06:0000212518"
"215501","06:0000866610"
"443574","09:0000337014"
"326584","07:0000533439"
"451945","09:0000063646"
"451134","03:0000408436"
"207113","01:0001118483"
"426396","09:0000309607"
"359477","09:0000327924"
"497872","07:0000849094"
"463857","09:0000358943"
"498155","09:0000591935"
"498199","07:0000281437"
"184094","05:0001021083"
"40511","02:0001431074"
"457151","05:0000146805"
"452780","08:0000941984"
"240207","06:0000854316"
"414855","05:0000710303"
"225768","02:0000408334"
"200982","08:0000944329"
"314311","05:0000136050"
"478480","07:0000549705"
"197052","05:0000922778"
"146617","04:0000188548"
"383116","09:0000459376"
"384977","09:0000459376"
"429163","09:0000590906"
"429165","09:0000590906"
"483283","08:0000929708"
"507636","Б06:00038095"
"507636","Б06:00038104"
"525946","05:0000918279"
"186310","05:0000972568"
"523944","07:0000514771"
"471155","09:0000794258"
"93489","04:0001012088"
"151931","Б07:00014886"
"77452","04:0000017633"
"384977","09:0000591935"
"429165","09:0000591935"
"405894","04:0001006566"
"352562","09:0000329206"
"526987","09:0000289002"
"526988","09:0000419204"
"417672","06:0000857366"
"285328","03:0001856321"
"246763","06:0000870426"
"403828","06:0000853812"
"288910","06:0000862707"
"252411","06:0000862858"
"359949","09:0000340813"
"417790","08:0001186291"
"1750","03:0001554250"
"394571","08:0001198928"
"362606","09:0000325554"
"260230","05:0000922778"
"326684","07:0000687416"
"555024","09:0000588313"
"376314","09:0000348849"
"395063","Б07:00020284"
"556403","09:0000367605"
"450289","09:0000472143"
"134741","08:0000929708"
"484560","Б09:00037305"
"3854","03:0001856348"
"512507","09:0000302637"
"408774","Б05:00006441"
"131824","04:0001012088"
"354004","09:0000883520"
"86778","01:0001855302"
"461550","09:0000661292"
"528501","09:0000295624"
"116802","04:0000146528"
"109621","04:0001006471"
"10393","03:0000866827"
"2730","03:0000120986"
"16997","03:0000292228"
"2730","03:0000120986"
"16997","03:0000292228"
"182967","08:0000242422"
"183133","05:0000090225"
"183106","05:0000090225"
"155623","04:0000024492"
"160922","02:0000003651"
"10917","03:0001230803"
"186426","02:0001353417"
"148288","02:0000679841"
"107382","01:0000484645"
"168876","05:0000090225"
"187915","05:0000070725"
"72154","02:0001078018"
"35380","03:0000292228"
"38104","03:0001234253"
"165741","05:0000285420"
"75266","10:0000125113"
"248822","08:0000119623"
"178729","01:0000308871"
"183901","Б05:00002696"
"120090","02:0000288299"
"249647","06:0000142403"
"184906","Б05:00002696"
"128557","08:0000191479"
"250513","06:0000084719"
"219489","Б05:00010057"
"169771","Б05:00002696"
"218163","Б05:00002696"
"168672","Б05:00002696"
"178417","Б05:00002696"
"252373","Б05:00002696"
"166546","Б05:00002696"
"147032","04:0000898422"
"117917","08:0000028539"
"157641","08:0000726699"
"119861","Б05:00001891"
"296671","06:0000010033"
"214067","06:0000116467"
"118705","01:0000915041"
"175452","04:0000705656"
"159394","05:0000758069"
"284795","06:0000422828"
"323279","07:0000287564"
"332688","07:0000268903"
"35749","03:0000983224"
"280914","11:0000021626"
"177808","05:0000226414"
"276780","03:0001438802"
"186953","08:0000420108"
"85122","02:0000091107"
"231551","03:0001092504"
"346556","09:0000008425"
"325701","08:0000031565"
"182405","05:0000356664"
"226551","05:0000512402"
"201071","05:0000078887"
"220484","08:0000199165"
"342563","09:0000008425"
"402626","09:0000246967"
"379250","09:0000236625"
"333939","Б09:00012376"
"333939","Б09:00012373"
"361975","09:0000307604"
"332549","Б09:00012385"
"336028","Б09:00012325"
"358812","09:0000298735"
"358812","09:0000299005"
"352863","09:0000326157"
"360433","09:0000325893"
"400978","09:0000325890"
"435684","09:0000335120"
"435684","09:0000335016"
"409640","09:0000372242"
"350327","09:0000353278"
"435644","09:0000335016"
"436253","05:0000898700"
"421765","06:0000882237"
"430889","06:0000882237"
"353580","09:0000008425"
"430836","06:0000882237"
"322086","Б06:00036630"
"338542","Б09:00012652"
"336604","Б09:00012385"
"336247","Б09:00012652"
"436532","09:0000294394"
"436772","09:0000356236"
"358685","Б09:00012373"
"358685","Б09:00012376"
"358685","Б09:00012385"
"394010","02:0001142237"
"436206","09:0000246967"
"327775","07:0000426020"
"436873","09:0000246967"
"436854","09:0000246967"
"436854","09:0000246967"
"422584","09:0000365738"
"437337","09:0000367257"
"437319","09:0000335016"
"437271","09:0000335016"
"437271","09:0000335120"
"450209","09:0000409993"
"400029","06:0000944413"
"454772","06:0000944413"
"460098","06:0000944413"
"464501","09:0000334113"
"450028","06:0000944413"
"398397","06:0000945910"
"332957","Б09:00012330"
"343768","07:0000266384"
"342181","Б09:00012652"
"374092","Б09:00012373"
"374092","Б09:00012385"
"422160","05:0000939625"
"349631","Б09:00012376"
"445234","09:0000525211"
"388725","09:0000409993"
"446012","09:0000365738"
"374344","09:0000367257"
"303719","08:0000404176"
"375001","09:0000063724"
"162388","05:0000078887"
"333627","09:0000300605"
"355643","Б07:00015668"
"315594","Б05:00011424"
"298035","06:0000949712"
"355660","09:0000299005"
"354197","09:0000298594"
"367876","09:0000356491"
"234331","06:0000854578"
"348409","07:0000636835"
"114179","08:0000928485"
"326584","07:0000533446"
"318127","06:0000622973"
"433174","05:0000966959"
"497546","11:0000095912"
"198284","05:0000502360"
"320288","07:0000633626"
"447010","09:0000340077"
"459224","09:0000330322"
"385226","07:0000888813"
"498027","09:0000590835"
"498176","09:0000588067"
"444423","09:0000439986"
"29933","10:0000326313"
"299855","05:0000820374"
"211329","05:0000912443"
"347380","11:0000095912"
"269521","02:0001430884"
"490036","08:0000942263"
"501600","09:0000791954"
"83883","01:0001855675"
"185483","04:0001012093"
"429163","09:0000588067"
"429165","09:0000588067"
"273561","06:0000890455"
"389372","09:0000326359"
"389372","09:0000326486"
"313922","08:0000863984"
"132468","03:0000222753"
"226354","06:0000890451"
"390255","09:0000794070"
"151931","Б07:00015444"
"169552","05:0000925260"
"91667","04:0001011101"
"526694","09:0000321282"
"374623","09:0000570142"
"471214","09:0000290985"
"362904","08:0000484844"
"462892","08:0000969194"
"152594","04:0001012093"
"467462","Б07:00015737"
"383134","09:0000605585"
"230621","Б06:00053706"
"204630","05:0000922189"
"278326","06:0000863377"
"527052","09:0000335120"
"58628","10:0000050657"
"383813","Б07:00029544"
"383813","Б07:00029549"
"86255","01:0001855357"
"376314","09:0000348683"
"532368","09:0000343314"
"177577","05:0000924809"
"449250","09:0000503246"
"555871","09:0000576372"
"101229","04:0001040635"
"556361","19:0000022036"
"422590","09:0000488094"
"244774","05:0001006078"
"188975","05:0000925285"
"469432","09:0000680256"
"516279","Б09:00037539"
"448711","08:0000928469"
"447357","09:0000356236"
"153827","04:0001006245"
"287176","06:0000856044"
"358095","Б06:00054504"
"556915","09:0000619683"
"352814","09:0000680256"
"533735","06:0000125760"
"373481","09:0000323431"
"556820","09:0000605585"
"470531","09:0000403679"
"86778","01:0001855675"
"484336","09:0000573457"
"369628","Б07:00028592"
"557332","07:0000082356"
"417835","08:0000969194"
"599","03:0000031159"
"8928","03:0000041337"
"11207","03:0000198060"
"8674","03:0000041337"
"16997","03:0000190999"
"599","03:0000031159"
"8928","03:0000041337"
"11207","03:0000198060"
"8674","03:0000041337"
"16997","03:0000190999"
"2078","03:0000340215"
"94861","02:0000017481"
"164665","05:0000176256"
"164843","04:0000029107"
"185615","01:0000912712"
"150010","03:0000413257"
"130443","08:0000001134"
"113852","01:0000982211"
"187798","08:0000229210"
"246200","06:0000048839"
"226891","02:0000172047"
"147727","02:0000405612"
"193424","05:0000230171"
"217128","05:0000549348"
"302189","Б05:00026152"
"134179","01:0001641059"
"86537","02:0000377244"
"173055","05:0000106358"
"264601","06:0000555455"
"258828","06:0000555455"
"90369","04:0000027229"
"359423","06:0000151626"
"359384","09:0000040114"
"205475","05:0000112132"
"136592","08:0000229210"
"116244","04:0000029107"
"106729","08:0000402940"
"284499","11:0000004579"
"359396","09:0000040114"
"396641","09:0000208847"
"330317","03:0000140656"
"372446","07:0000279106"
"268520","05:0000285682"
"379743","09:0000248234"
"435470","09:0000040114"
"345328","09:0000316608"
"222630","04:0000035073"
"269226","10:0000326309"
"282489","11:0000095897"
"333939","Б09:00012358"
"333939","Б09:00012366"
"333939","Б09:00012384"
"333424","Б09:00012644"
"336028","Б09:00012319"
"398087","09:0000351260"
"435684","09:0000334993"
"435644","09:0000334993"
"102754","Б01:00076067"
"373097","06:0000882278"
"338542","Б09:00012653"
"336343","Б09:00012340"
"363769","09:0000289020"
"342181","Б09:00012340"
"336247","Б09:00012653"
"436617","09:0000297973"
"354100","Б09:00012359"
"354100","Б09:00012644"
"436508","09:0000297710"
"343488","Б09:00012649"
"358685","Б09:00012358"
"358685","Б09:00012366"
"389285","07:0000288440"
"213686","08:0000965286"
"379844","06:0000039633"
"386520","06:0000039633"
"390664","06:0000039633"
"424105","09:0000391531"
"241363","05:0000923112"
"97247","04:0000062839"
"198021","05:0000926650"
"422590","09:0000367505"
"437281","Б07:00015825"
"437271","09:0000334993"
"221879","06:0000862242"
"268068","Б05:00005220"
"299081","Б05:00005148"
"415530","09:0000064178"
"318909","06:0000862242"
"463890","09:0000328770"
"338814","06:0000862242"
"393445","09:0000289511"
"464849","01:0001861445"
"430694","10:0000013476"
"397865","Б06:00038989"
"385978","09:0000526527"
"332957","Б09:00012319"
"355675","Б09:00012359"
"355675","Б09:00012649"
"355675","Б09:00012359"
"355675","Б09:00012366"
"355675","Б09:00012358"
"342181","Б09:00012653"
"374092","Б09:00012384"
"374092","Б09:00012644"
"333281","Б09:00012340"
"349631","Б09:00012358"
"349631","Б09:00012366"
"349631","Б09:00012359"
"349631","Б09:00012649"
"418144","09:0000363223"
"64333","Б05:00013562"
"197753","Б05:00013562"
"378056","Б05:00013562"
"178636","Б05:00013562"
"285857","11:0000004579"
"408501","09:0000302191"
"425164","09:0000310747"
"430667","09:0000365109"
"367120","09:0000365685"
"465439","07:0000682341"
"378634","06:0000862161"
"444061","09:0000530203"
"341526","09:0000419048"
"465772","07:0000683823"
"355643","Б07:00015673"
"355643","Б07:00015666"
"240220","01:0001858164"
"360484","Б07:00016481"
"373748","09:0000290304"
"175892","05:0000926799"
"462209","09:0000298591"
"449985","09:0000297973"
"424240","09:0000298194"
"353627","07:0000508253"
"497546","11:0000095899"
"360409","07:0000558065"
"367757","Б05:00004104"
"456765","09:0000296099"
"20352","03:0000289030"
"243301","06:0000928599"
"371383","09:0000319764"
"238523","06:0000152182"
"443093","09:0000332119"
"436617","09:0000329845"
"443823","09:0000310747"
"386556","07:0000518263"
"420062","05:0000445573"
"320551","07:0000555683"
"5206","09:0000330584"
"330360","07:0000162178"
"498311","01:0001869483"
"475772","06:0000089328"
"39911","01:0001953332"
"110978","04:0000029107"
"404578","07:0000897372"
"347380","11:0000095899"
"171789","05:0000929015"
"439474","09:0000303231"
"81160","01:0001857007"
"446233","04:0000748710"
"525411","07:0000767182"
"525468","01:0001855463"
"429163","09:0000591695"
"429163","09:0000590897"
"429165","09:0000591695"
"429165","09:0000590897"
"429165","09:0000589289"
"417153","09:0000298077"
"525551","09:0000288592"
"507636","Б06:00038101"
"503977","09:0000280272"
"43230","02:0000776123"
"151931","Б07:00015459"
"519333","09:0000298591"
"383116","09:0000589289"
"194052","08:0001054810"
"194052","08:0001054813"
"451961","09:0000475835"
"525545","09:0000317676"
"470303","09:0000321249"
"526854","09:0000302192"
"119413","08:0000932409"
"417672","06:0000856203"
"288910","06:0000853849"
"527052","09:0000334993"
"383813","Б07:00029546"
"356660","Б09:00040060"
"331019","01:0001855691"
"277484","02:0001437011"
"292803","05:0000230171"
"161806","05:0000331832"
"398202","06:0000864664"
"452786","09:0000488039"
"487436","06:0000989336"
"556873","01:0001855245"
"557177","21:0000006758"
"373481","09:0000339747"
"418373","09:0000371409"
"354013","07:0000795553"
"557437","09:0000297354"
"459624","09:0000744295"
"11535","03:0000041312"
"17559","03:0000041312"
"11535","03:0000041312"
"17559","03:0000041312"
"58186","02:0000161659"
"174669","04:0000266432"
"147882","04:0000503422"
"185064","02:0000001312"
"95774","04:0000226961"
"91653","04:0000214247"
"19738","03:0000893290"
"171150","01:0000311365"
"150924","01:0000672777"
"21491","03:0000316070"
"174694","Б05:00006873"
"108024","01:0000418260"
"48240","03:0000350766"
"228321","06:0000121422"
"92641","01:0000113012"
"39329","02:0000008871"
"219537","06:0000067122"
"166025","04:0000503422"
"220392","05:0000119352"
"221162","06:0000034746"
"197576","03:0000952728"
"100220","04:0000226961"
"84451","01:0001575671"
"120203","08:0000032285"
"265455","03:0000787809"
"263487","05:0000134434"
"285704","02:0001003810"
"319114","07:0000063042"
"125903","08:0000189289"
"362111","07:0000222739"
"83995","03:0000247587"
"237845","06:0000130548"
"7678","03:0000640493"
"269215","Б05:00006873"
"329182","06:0000067122"
"385904","09:0000217731"
"403416","09:0000241343"
"336060","08:0000101498"
"403740","09:0000017057"
"402392","09:0000304392"
"435493","07:0000562474"
"383134","09:0000292069"
"371810","09:0000340296"
"393758","09:0000324906"
"333424","Б09:00012639"
"298526","05:0000840840"
"435326","09:0000386285"
"426572","09:0000323936"
"358812","09:0000298703"
"352863","09:0000325888"
"357700","09:0000153510"
"436078","06:0000881530"
"435684","09:0000335006"
"435644","09:0000335006"
"169639","03:0000350766"
"436310","09:0000388609"
"233356","06:0000144888"
"393307","05:0000488966"
"342181","Б09:00011488"
"354100","Б09:00012639"
"436752","09:0000365510"
"436859","09:0000323954"
"362188","09:0000288091"
"237845","06:0000130548"
"428333","09:0000389664"
"428405","09:0000389664"
"387126","09:0000153510"
"422584","09:0000365735"
"437281","Б07:00015823"
"437319","09:0000335006"
"437271","09:0000335006"
"464489","07:0000647433"
"464544","07:0000562474"
"206643","06:0000067122"
"434279","01:0001867641"
"267697","02:0000076533"
"355675","Б09:00012648"
"355675","Б09:00012639"
"355675","Б09:00012648"
"333281","Б09:00011488"
"349631","Б09:00012639"
"449120","09:0000303053"
"425164","09:0000310553"
"454080","09:0000153510"
"446012","09:0000365735"
"453023","09:0000439418"
"417306","09:0000493708"
"449839","Б07:00014885"
"380088","09:0000451262"
"343157","09:0000292069"
"260230","05:0000924735"
"348645","07:0000100235"
"355660","09:0000298703"
"462187","09:0000340816"
"461946","09:0000298373"
"417833","08:0000928008"
"417833","08:0000940960"
"417817","08:0000928012"
"458910","09:0000440675"
"429205","09:0000609451"
"463264","09:0000670354"
"472462","09:0000670710"
"487363","09:0000572525"
"42654","03:0000247587"
"497417","07:0000459669"
"415553","09:0000304392"
"395460","09:0000503838"
"497696","07:0000562474"
"470172","09:0000419283"
"418927","09:0000419283"
"359477","09:0000327821"
"459224","09:0000329157"
"344291","07:0000654059"
"363813","07:0000543272"
"363813","07:0000543731"
"491619","09:0000467782"
"147515","04:0000214247"
"484333","09:0000612367"
"485115","Б07:00014885"
"103905","Б06:00046430"
"417102","07:0000405731"
"211329","05:0000912434"
"403012","03:0001841514"
"244806","08:0000940960"
"244806","08:0000928008"
"115036","03:0001842623"
"244305","06:0000294972"
"153108","08:0000928008"
"319165","07:0000071396"
"255945","03:0001856349"
"483283","08:0000940960"
"483283","08:0000928012"
"266822","Б05:00006060"
"470278","09:0000440675"
"505702","07:0000543731"
"487866","06:0000930805"
"494675","09:0000304392"
"259979","06:0000098225"
"424380","09:0000357037"
"177949","05:0000034532"
"519333","09:0000340816"
"173034","08:0000985696"
"429165","09:0000590343"
"75791","01:0001855673"
"397386","09:0000304392"
"454980","09:0000797266"
"447440","09:0000303053"
"526988","09:0000419283"
"417672","06:0000856179"
"108053","04:0001002805"
"511251","03:0001841315"
"348990","09:0000612063"
"285998","06:0000853659"
"288910","06:0000853866"
"484733","13:0000022846"
"507551","07:0000654059"
"442646","05:0000516964"
"362606","09:0000325689"
"362606","09:0000325709"
"226832","06:0000066094"
"553261","06:0000836623"
"230785","06:0001102522"
"508293","07:0000075185"
"498735","13:0000014543"
"534726","09:0000572538"
"484321","09:0000889414"
"228388","06:0000839319"
"485143","09:0000770066"
"548713","04:0000063755"
"556411","09:0000367590"
"556411","09:0000366413"
"556354","09:0000366639"
"408764","09:0000365885"
"361307","06:0001132235"
"556381","09:0000889442"
"292091","05:0000012336"
"17367","03:0000026355"
"134741","08:0000928012"
"543382","Б09:00037285"
"287176","06:0000891131"
"519900","09:0000386285"
"496229","06:0000034746"
"74641","09:0000867033"
"129213","08:0001193490"
"481918","06:0000859761"
"278527","06:0000294981"
"25480","03:0000350766"
"341324","09:0000570140"
"341324","09:0000570140"
"341324","09:0000570140"
"348155","09:0000570140"
"348155","09:0000570140"
"348155","09:0000570140"
"400806","09:0000570140"
"400806","09:0000570140"
"400806","09:0000570140"
"331566","09:0000570140"
"331566","09:0000570140"
"331566","09:0000570140"
"331563","09:0000570140"
"331563","09:0000570140"
"331563","09:0000570140"
"366435","06:0001133108"
"282330","11:0000102138"
"391923","11:0000102138"
"341299","11:0000102138"
"86778","01:0001856296"
"138195","08:0000808823"
"501346","09:0000153510"
"557431","09:0000889442"
"557419","09:0000889442"
"557414","09:0000889442"
"549168","09:0000889442"
"5514","03:0000023029"
"3205","03:0000306696"
"7330","03:0000064124"
"10341","03:0000306696"
"9273","03:0000064124"
"1104","03:0000021855"
"1104","03:0000021855"
"8115","03:0000306696"
"7802","03:0000306696"
"5514","03:0000023029"
"3205","03:0000306696"
"7330","03:0000064124"
"10341","03:0000306696"
"9273","03:0000064124"
"1104","03:0000021855"
"1104","03:0000021855"
"8115","03:0000306696"
"7802","03:0000306696"
"153640","03:0000950959"
"162509","03:0000345884"
"38350","02:0000160029"
"186648","10:0000062803"
"108213","01:0000341741"
"139960","08:0000043287"
"218689","Б05:00012966"
"215246","06:0000001273"
"55382","10:0000047189"
"182556","Б05:00008479"
"51570","01:0000880193"
"69474","01:0000715350"
"228000","06:0000506366"
"266372","01:0000072558"
"102879","03:0000358519"
"311431","05:0000855910"
"340155","02:0000210864"
"401957","09:0000164346"
"186334","05:0000640248"
"52319","02:0000108286"
"57884","02:0000210864"
"347878","04:0000005311"
"188439","Б05:00008479"
"77549","04:0000005311"
"319114","07:0000218477"
"404264","09:0000132293"
"312093","06:0000002260"
"333939","Б09:00011492"
"333939","Б09:00012368"
"333939","Б09:00012371"
"333939","Б09:00012364"
"333939","Б09:00012383"
"276951","04:0000383055"
"408440","Б07:00015258"
"380605","09:0000386916"
"358812","09:0000298720"
"262280","06:0000098461"
"143306","05:0000924733"
"380252","06:0000881521"
"373116","07:0000016210"
"322086","Б06:00036634"
"336343","Б09:00011490"
"436414","Б06:00035960"
"436422","Б06:00035960"
"436427","Б06:00035960"
"436447","Б06:00035960"
"342181","Б09:00011490"
"436478","Б06:00035960"
"231270","06:0000270638"
"436479","Б06:00035960"
"436483","Б06:00035960"
"436494","Б06:00035960"
"436421","09:0000297537"
"335736","Б07:00016347"
"173208","Б09:00012331"
"358685","Б09:00012368"
"358685","Б09:00012371"
"358685","Б09:00011492"
"358685","Б09:00012383"
"395498","09:0000301437"
"380350","09:0000175055"
"382239","09:0000043755"
"388036","09:0000299692"
"388036","09:0000300574"
"422590","09:0000367180"
"437294","Б07:00015821"
"459427","09:0000043755"
"463890","09:0000328746"
"459468","09:0000043755"
"459463","09:0000043755"
"459453","09:0000043755"
"194275","05:0000925261"
"77094","02:0000375105"
"245103","06:0000076059"
"265303","Б06:00037233"
"348044","07:0000679904"
"332957","Б09:00012331"
"332957","Б09:00012329"
"355675","Б09:00012364"
"355675","Б09:00012364"
"355675","Б09:00012368"
"355675","Б09:00012383"
"333281","Б09:00011490"
"349631","Б09:00012368"
"349631","Б09:00012364"
"449153","09:0000364603"
"425164","09:0000309517"
"459422","09:0000043755"
"446012","09:0000367180"
"459482","09:0000043755"
"398287","09:0000456693"
"341641","07:0000403888"
"465621","09:0000524951"
"459432","09:0000043755"
"171159","05:0000924519"
"465622","09:0000529401"
"108167","03:0000021855"
"341372","09:0000376744"
"383273","09:0000301437"
"449839","Б07:00014884"
"355643","Б07:00015671"
"355643","Б07:00015672"
"459437","09:0000043755"
"459455","09:0000043755"
"454241","09:0000043755"
"454423","09:0000043755"
"398625","09:0000357305"
"454249","09:0000043755"
"454405","09:0000043755"
"463258","Б09:00015434"
"454297","09:0000043755"
"454391","09:0000043755"
"454383","09:0000043755"
"454310","09:0000043755"
"353741","09:0000570224"
"462193","09:0000298720"
"462225","09:0000298743"
"462219","09:0000298762"
"449756","09:0000298143"
"367111","09:0000425862"
"445705","05:0000623930"
"326584","07:0000533491"
"364432","09:0000570289"
"477522","06:0000788332"
"497487","Б06:00039038"
"496077","09:0000376744"
"371383","09:0000309615"
"455139","07:0000075797"
"398903","19:0000011059"
"402399","04:0000005311"
"372918","Б09:00012072"
"474935","06:0000876995"
"410985","04:0001012089"
"338158","07:0000734694"
"97902","04:0000008604"
"312093","06:0000002260"
"498690","08:0000280027"
"184555","03:0000950959"
"65220","01:0001855249"
"472068","09:0000298762"
"124244","08:0000415776"
"504184","09:0000699803"
"417153","09:0000298762"
"282497","02:0000083617"
"459018","09:0000418100"
"526095","08:0000980775"
"492242","07:0000137180"
"75791","01:0001858965"
"174979","01:0000635512"
"82134","01:0001855679"
"358164","09:0000305636"
"359681","09:0000167993"
"150740","05:0000922768"
"482456","Б07:00016347"
"482456","Б07:00016335"
"383134","09:0000605913"
"31420","03:0001434129"
"403828","06:0000853813"
"288910","06:0000853852"
"288910","06:0000862717"
"252411","06:0000862790"
"252411","06:0000862866"
"383813","Б07:00029548"
"476941","10:0000071902"
"413919","Б09:00012072"
"474510","07:0000016210"
"308772","06:0001038060"
"376314","09:0000425862"
"305496","01:0001885423"
"546906","21:0000000014"
"555907","09:0000043755"
"369093","06:0000272938"
"346307","06:0001132413"
"346307","06:0001132413"
"346307","06:0001132413"
"346307","06:0001132413"
"346307","06:0001132413"
"346307","06:0001132413"
"556403","09:0000366637"
"408764","09:0000366248"
"485798","09:0000351315"
"212976","06:0001132232"
"458230","09:0000742940"
"556557","09:0000340216"
"442518","09:0000488279"
"556622","03:0000347317"
"109167","02:0001431127"
"490057","Б09:00037284"
"437709","Б07:00015258"
"557074","09:0000043755"
"557013","09:0000043755"
"556998","09:0000043755"
"557052","09:0000043755"
"557005","09:0000043755"
"354004","09:0000351330"
"354004","09:0000351018"
"385514","09:0000293762"
"556696","09:0000175055"
"547109","09:0000294240"
"538752","09:0000323382"
"156874","05:0000972555"
"519884","09:0000304826"
"427335","09:0000311835"
"545644","09:0000322499"
"405196","09:0000692509"
"398136","09:0000464677"
"541195","07:0000561829"
